id,contact_id,Phone_type,area_code,Phone_number
1,1,Cellular,732,732-392-7165
2,2,Cellular,907,907-913-3698
3,3,Cellular,637,637-715-3867
4,4,Cellular,359,359-747-1907
5,5,Cellular,543,543-710-0843
6,6,Cellular,227,227-992-2900
7,7,Cellular,181,181-781-9784
8,8,Cellular,871,871-791-7851
9,9,Cellular,933,933-257-7616
10,10,Cellular,747,747-303-4705
11,11,Cellular,423,423-257-0444
12,12,Cellular,537,537-987-3004
13,13,Cellular,994,994-189-5386
14,14,Cellular,223,223-746-7737
15,15,Cellular,769,769-740-9664
16,16,Cellular,275,275-477-5499
17,17,Cellular,272,272-367-4116
18,18,Cellular,770,770-282-5502
19,19,Cellular,131,131-155-6846
20,20,Cellular,452,452-967-2050
21,21,Cellular,310,310-517-1998
22,22,Cellular,905,905-442-0240
23,23,Cellular,886,886-702-1908
24,24,Cellular,562,562-617-1312
25,25,Cellular,873,873-511-6075
26,26,Cellular,826,826-297-4157
27,27,Cellular,770,770-453-6125
28,28,Cellular,806,806-105-9954
29,29,Cellular,899,899-522-4338
30,30,Cellular,993,993-228-0137
31,31,Cellular,939,939-693-0069
32,32,Cellular,330,330-860-4567
33,34,Cellular,189,189-158-2552
34,35,Cellular,929,929-650-9987
35,36,Cellular,713,713-373-4369
36,37,Cellular,708,708-580-5566
37,38,Cellular,544,544-254-3783
38,39,Cellular,918,918-967-1567
39,40,Cellular,441,441-572-3400
40,41,Cellular,798,798-797-3341
41,42,Cellular,519,519-774-5168
42,43,Cellular,808,808-824-0672
43,44,Cellular,584,584-539-0112
44,45,Cellular,398,398-879-3327
45,46,Cellular,930,930-819-8669
46,47,Cellular,146,146-300-8184
47,48,Cellular,637,637-650-0978
48,50,Cellular,488,488-851-7113
49,51,Cellular,771,771-812-0449
50,52,Cellular,258,258-263-5860
51,53,Cellular,378,378-873-6862
52,54,Cellular,125,125-655-6551
53,55,Cellular,320,320-344-7502
54,56,Cellular,614,614-951-1081
55,57,Cellular,158,158-791-4110
56,58,Cellular,502,502-272-1989
57,59,Cellular,743,743-364-4750
58,60,Cellular,801,801-995-3628
59,61,Cellular,978,978-461-6856
60,62,Cellular,791,791-162-2031
61,63,Cellular,968,968-277-3614
62,64,Cellular,798,798-873-9529
63,65,Cellular,288,288-674-1492
64,66,Cellular,334,334-497-2608
65,68,Cellular,203,203-431-4947
66,69,Cellular,307,307-758-9076
67,70,Cellular,849,849-695-9335
68,71,Cellular,748,748-818-7221
69,72,Cellular,697,697-516-7673
70,74,Cellular,359,359-128-8195
71,75,Cellular,853,853-669-6031
72,76,Cellular,182,182-313-3105
73,77,Cellular,645,645-688-9829
74,78,Cellular,952,952-872-9308
75,80,Cellular,896,896-621-0151
76,81,Cellular,301,301-947-1348
77,82,Cellular,442,442-776-7096
78,83,Cellular,131,131-277-8084
79,84,Cellular,112,112-337-2438
80,85,Cellular,467,467-112-0628
81,86,Cellular,512,512-999-1443
82,87,Cellular,311,311-847-9441
83,88,Cellular,322,322-220-0314
84,89,Cellular,793,793-596-6729
85,90,Cellular,920,920-954-7865
86,91,Cellular,996,996-463-7162
87,92,Cellular,685,685-563-0088
88,93,Cellular,335,335-464-4346
89,94,Cellular,289,289-490-2307
90,95,Cellular,438,438-145-4987
91,96,Cellular,299,299-709-3929
92,97,Cellular,322,322-529-5730
93,98,Cellular,554,554-908-6180
94,99,Cellular,298,298-978-5587
95,100,Cellular,518,518-928-2083
96,101,Cellular,467,467-169-7052
97,102,Cellular,601,601-151-6193
98,103,Cellular,415,415-761-2375
99,104,Cellular,932,932-478-6742
100,105,Cellular,612,612-751-9073
101,106,Cellular,738,738-834-4899
102,107,Cellular,518,518-553-9464
103,108,Cellular,215,215-217-7070
104,109,Cellular,817,817-774-4659
105,110,Cellular,985,985-795-6001
106,111,Cellular,280,280-593-0508
107,112,Cellular,634,634-832-4961
108,113,Cellular,671,671-420-1296
109,114,Cellular,743,743-968-9698
110,115,Cellular,850,850-168-3428
111,116,Cellular,685,685-794-3792
112,117,Cellular,626,626-230-5244
113,118,Cellular,189,189-946-4134
114,119,Cellular,499,499-521-3027
115,120,Cellular,525,525-786-1129
116,121,Cellular,162,162-591-7297
117,122,Cellular,734,734-943-5823
118,123,Cellular,927,927-269-5557
119,124,Cellular,560,560-540-7010
120,125,Cellular,368,368-393-8119
121,126,Cellular,819,819-216-7409
122,127,Cellular,510,510-507-2668
123,128,Cellular,417,417-939-5637
124,129,Cellular,689,689-724-6341
125,130,Cellular,659,659-300-9914
126,131,Cellular,485,485-509-8914
127,132,Cellular,205,205-273-2823
128,133,Cellular,739,739-726-5173
129,134,Cellular,561,561-758-3885
130,135,Cellular,780,780-319-6348
131,136,Cellular,665,665-863-3496
132,137,Cellular,101,101-658-4163
133,138,Cellular,965,965-369-3080
134,139,Cellular,630,630-176-1993
135,140,Cellular,126,126-191-0637
136,141,Cellular,399,399-410-3150
137,142,Cellular,400,400-632-7435
138,143,Cellular,402,402-749-4109
139,144,Cellular,623,623-440-3069
140,145,Cellular,680,680-996-8963
141,146,Cellular,741,741-405-2893
142,147,Cellular,189,189-144-5588
143,148,Cellular,907,907-464-2719
144,149,Cellular,889,889-791-3642
145,150,Cellular,874,874-633-0543
146,151,Cellular,277,277-234-5144
147,152,Cellular,769,769-583-9706
148,153,Cellular,338,338-545-2457
149,154,Cellular,963,963-970-8330
150,155,Cellular,259,259-209-3551
151,156,Cellular,160,160-914-8157
152,157,Cellular,588,588-860-2305
153,158,Cellular,609,609-339-6336
154,159,Cellular,219,219-803-4889
155,160,Cellular,668,668-695-7537
156,161,Cellular,788,788-965-0073
157,162,Cellular,322,322-212-6474
158,163,Cellular,681,681-758-5432
159,164,Cellular,737,737-458-3193
160,165,Cellular,605,605-413-5142
161,166,Cellular,913,913-227-5857
162,167,Cellular,207,207-356-3286
163,168,Cellular,726,726-561-0259
164,169,Cellular,729,729-528-9115
165,170,Cellular,809,809-251-6239
166,171,Cellular,350,350-841-0515
167,172,Cellular,991,991-300-9095
168,173,Cellular,945,945-688-3394
169,174,Cellular,575,575-837-2710
170,175,Cellular,836,836-247-5742
171,176,Cellular,260,260-445-9289
172,177,Cellular,991,991-681-1755
173,178,Cellular,530,530-615-9871
174,179,Cellular,928,928-280-1718
175,180,Cellular,739,739-370-4832
176,181,Cellular,288,288-380-7105
177,182,Cellular,882,882-224-4712
178,183,Cellular,141,141-927-3011
179,184,Cellular,206,206-601-7607
180,186,Cellular,733,733-271-6746
181,187,Cellular,294,294-234-8775
182,188,Cellular,658,658-428-6437
183,189,Cellular,666,666-116-3670
184,190,Cellular,710,710-160-0835
185,191,Cellular,155,155-927-4964
186,192,Cellular,467,467-144-6719
187,193,Cellular,307,307-434-2713
188,194,Cellular,119,119-187-2885
189,195,Cellular,739,739-246-0573
190,196,Cellular,421,421-829-5450
191,197,Cellular,334,334-595-0964
192,198,Cellular,542,542-380-6173
193,199,Cellular,860,860-312-4413
194,200,Cellular,975,975-952-1919
195,201,Cellular,890,890-454-6783
196,202,Cellular,676,676-107-4163
197,203,Cellular,589,589-241-6333
198,204,Cellular,455,455-443-4902
199,205,Cellular,877,877-939-3738
200,206,Cellular,753,753-171-5682
201,207,Cellular,356,356-576-5645
202,208,Cellular,786,786-731-7679
203,209,Cellular,513,513-711-1607
204,210,Cellular,657,657-297-0002
205,211,Cellular,842,842-685-8134
206,212,Cellular,572,572-785-8740
207,213,Cellular,789,789-670-9179
208,214,Cellular,954,954-560-0159
209,215,Cellular,111,111-927-8581
210,217,Cellular,237,237-677-8793
211,218,Cellular,943,943-829-3863
212,219,Cellular,346,346-897-2782
213,220,Cellular,807,807-509-2962
214,221,Cellular,537,537-449-9605
215,222,Cellular,815,815-680-8501
216,223,Cellular,885,885-336-0223
217,224,Cellular,279,279-915-7881
218,225,Cellular,874,874-561-1064
219,226,Cellular,678,678-756-8685
220,227,Cellular,630,630-405-4842
221,228,Cellular,333,333-696-7735
222,229,Cellular,707,707-137-5452
223,230,Cellular,996,996-239-6282
224,231,Cellular,885,885-591-7975
225,232,Cellular,419,419-189-5639
226,233,Cellular,970,970-819-3933
227,234,Cellular,122,122-939-1039
228,235,Cellular,381,381-747-2286
229,236,Cellular,584,584-484-5052
230,237,Cellular,692,692-668-4655
231,238,Cellular,530,530-939-4107
232,239,Cellular,159,159-352-8021
233,240,Cellular,131,131-454-9471
234,241,Cellular,883,883-698-2435
235,242,Cellular,223,223-145-1656
236,243,Cellular,999,999-916-5458
237,244,Cellular,226,226-203-9541
238,245,Cellular,728,728-170-8971
239,246,Cellular,510,510-441-3400
240,247,Cellular,704,704-231-1831
241,248,Cellular,927,927-393-3874
242,249,Cellular,911,911-980-1743
243,250,Cellular,777,777-692-0874
244,251,Cellular,652,652-464-2372
245,252,Cellular,315,315-345-3420
246,253,Cellular,358,358-481-9889
247,254,Cellular,842,842-207-9733
248,255,Cellular,864,864-714-1199
249,256,Cellular,162,162-326-8857
250,257,Cellular,476,476-246-1194
251,259,Cellular,741,741-804-6153
252,260,Cellular,283,283-519-9469
253,261,Cellular,945,945-878-4565
254,262,Cellular,246,246-174-7624
255,263,Cellular,790,790-858-7895
256,264,Cellular,538,538-789-7767
257,266,Cellular,245,245-116-9013
258,267,Cellular,337,337-365-4743
259,268,Cellular,772,772-450-3153
260,269,Cellular,682,682-336-4639
261,270,Cellular,586,586-386-6331
262,271,Cellular,321,321-560-5572
263,272,Cellular,764,764-228-2895
264,273,Cellular,547,547-651-5152
265,274,Cellular,111,111-793-8014
266,275,Cellular,895,895-547-1737
267,276,Cellular,184,184-223-7933
268,277,Cellular,760,760-300-2633
269,278,Cellular,901,901-126-9300
270,279,Cellular,652,652-311-2308
271,280,Cellular,365,365-532-8461
272,281,Cellular,519,519-708-3846
273,282,Cellular,106,106-456-2187
274,283,Cellular,752,752-383-6580
275,285,Cellular,773,773-473-4110
276,286,Cellular,538,538-587-2812
277,287,Cellular,700,700-525-5413
278,288,Cellular,260,260-897-3964
279,289,Cellular,433,433-532-3375
280,290,Cellular,901,901-256-3152
281,291,Cellular,138,138-663-4933
282,293,Cellular,739,739-816-0099
283,294,Cellular,953,953-634-4168
284,295,Cellular,921,921-335-4238
285,296,Cellular,582,582-587-1230
286,298,Cellular,732,732-280-5706
287,299,Cellular,653,653-199-8225
288,300,Cellular,846,846-766-7200
289,301,Cellular,896,896-317-8751
290,302,Cellular,154,154-328-0392
291,303,Cellular,119,119-729-4765
292,304,Cellular,840,840-147-0576
293,305,Cellular,113,113-241-1349
294,306,Cellular,178,178-700-0270
295,307,Cellular,375,375-407-0598
296,308,Cellular,573,573-758-2931
297,309,Cellular,788,788-262-8232
298,310,Cellular,525,525-859-0181
299,311,Cellular,104,104-832-7245
300,312,Cellular,699,699-189-6305
301,313,Cellular,417,417-811-4669
302,314,Cellular,841,841-660-4138
303,315,Cellular,246,246-314-6200
304,316,Cellular,765,765-819-3904
305,317,Cellular,474,474-102-5611
306,318,Cellular,814,814-327-8268
307,319,Cellular,271,271-620-3459
308,320,Cellular,450,450-835-5005
309,321,Cellular,760,760-889-6313
310,322,Cellular,778,778-705-5374
311,323,Cellular,958,958-856-0549
312,324,Cellular,160,160-418-9351
313,325,Cellular,733,733-536-4162
314,326,Cellular,472,472-676-4057
315,327,Cellular,409,409-417-0486
316,328,Cellular,307,307-710-4260
317,329,Cellular,764,764-688-7211
318,330,Cellular,848,848-331-1605
319,331,Cellular,149,149-358-4766
320,332,Cellular,246,246-709-2158
321,333,Cellular,771,771-692-8893
322,334,Cellular,132,132-906-7999
323,335,Cellular,885,885-579-2681
324,336,Cellular,161,161-223-5730
325,337,Cellular,599,599-700-6909
326,339,Cellular,635,635-593-9994
327,340,Cellular,954,954-704-6957
328,341,Cellular,538,538-136-8119
329,342,Cellular,933,933-245-1342
330,343,Cellular,318,318-945-1954
331,344,Cellular,742,742-597-4893
332,345,Cellular,928,928-252-8876
333,346,Cellular,384,384-325-2018
334,347,Cellular,289,289-546-6050
335,348,Cellular,669,669-658-9712
336,349,Cellular,716,716-616-9811
337,350,Cellular,226,226-607-7620
338,351,Cellular,568,568-437-8548
339,352,Cellular,471,471-483-0862
340,353,Cellular,162,162-579-5330
341,354,Cellular,733,733-556-6269
342,355,Cellular,833,833-658-0432
343,356,Cellular,470,470-788-5580
344,357,Cellular,618,618-361-8546
345,358,Cellular,932,932-912-9931
346,359,Cellular,596,596-502-0473
347,360,Cellular,864,864-376-6906
348,361,Cellular,797,797-503-8595
349,362,Cellular,403,403-213-9920
350,363,Cellular,780,780-333-1752
351,364,Cellular,857,857-353-9811
352,365,Cellular,929,929-204-2594
353,366,Cellular,402,402-523-1467
354,367,Cellular,301,301-167-5280
355,368,Cellular,716,716-962-9064
356,369,Cellular,654,654-969-1212
357,370,Cellular,317,317-229-1546
358,371,Cellular,489,489-298-2101
359,372,Cellular,496,496-842-3379
360,373,Cellular,307,307-231-2915
361,374,Cellular,601,601-142-2316
362,375,Cellular,801,801-567-5147
363,376,Cellular,361,361-713-1548
364,377,Cellular,791,791-318-8485
365,378,Cellular,517,517-774-9742
366,379,Cellular,917,917-581-1409
367,380,Cellular,975,975-592-3460
368,381,Cellular,916,916-497-8573
369,382,Cellular,418,418-679-8335
370,383,Cellular,876,876-831-4057
371,384,Cellular,948,948-770-0844
372,385,Cellular,308,308-669-7144
373,386,Cellular,577,577-509-8589
374,387,Cellular,610,610-520-1894
375,388,Cellular,270,270-500-4689
376,389,Cellular,247,247-136-6714
377,390,Cellular,212,212-973-3833
378,391,Cellular,690,690-629-8142
379,392,Cellular,963,963-162-6782
380,393,Cellular,429,429-480-2032
381,394,Cellular,833,833-420-8697
382,395,Cellular,970,970-795-8180
383,396,Cellular,890,890-165-7394
384,397,Cellular,879,879-639-3102
385,398,Cellular,453,453-676-5952
386,399,Cellular,301,301-780-8939
387,401,Cellular,819,819-492-5695
388,402,Cellular,176,176-314-4811
389,403,Cellular,346,346-501-9702
390,405,Cellular,551,551-497-8817
391,406,Cellular,379,379-446-5516
392,408,Cellular,122,122-772-1670
393,409,Cellular,931,931-380-6036
394,410,Cellular,407,407-944-3765
395,411,Cellular,482,482-696-8869
396,412,Cellular,488,488-713-4507
397,413,Cellular,407,407-607-9732
398,414,Cellular,895,895-876-0800
399,415,Cellular,672,672-198-3035
400,416,Cellular,706,706-806-9461
401,417,Cellular,374,374-441-7592
402,418,Cellular,615,615-660-2876
403,419,Cellular,664,664-565-4203
404,420,Cellular,455,455-220-3403
405,421,Cellular,897,897-443-3157
406,422,Cellular,243,243-870-9923
407,424,Cellular,392,392-581-2335
408,425,Cellular,989,989-833-6141
409,426,Cellular,737,737-408-4838
410,427,Cellular,789,789-513-4253
411,428,Cellular,777,777-238-3165
412,429,Cellular,762,762-682-2323
413,430,Cellular,131,131-639-1104
414,431,Cellular,832,832-750-2254
415,432,Cellular,795,795-888-6145
416,433,Cellular,231,231-592-2682
417,434,Cellular,693,693-126-2725
418,435,Cellular,197,197-372-8782
419,436,Cellular,928,928-902-2194
420,437,Cellular,493,493-474-6204
421,438,Cellular,185,185-738-4858
422,439,Cellular,788,788-839-4995
423,440,Cellular,290,290-239-4431
424,441,Cellular,681,681-884-9486
425,442,Cellular,451,451-576-9876
426,443,Cellular,367,367-653-7536
427,444,Cellular,623,623-129-3133
428,445,Cellular,560,560-910-4461
429,446,Cellular,537,537-563-3945
430,447,Cellular,731,731-927-9782
431,448,Cellular,711,711-728-1673
432,449,Cellular,712,712-191-9859
433,450,Cellular,985,985-835-1578
434,451,Cellular,243,243-475-8168
435,452,Cellular,774,774-896-0810
436,453,Cellular,766,766-603-1114
437,454,Cellular,577,577-152-7587
438,455,Cellular,168,168-600-1777
439,456,Cellular,975,975-887-0855
440,458,Cellular,532,532-293-4334
441,459,Cellular,306,306-893-4925
442,460,Cellular,319,319-242-9453
443,461,Cellular,133,133-848-9230
444,462,Cellular,143,143-268-5227
445,463,Cellular,904,904-488-3281
446,464,Cellular,972,972-732-8421
447,465,Cellular,884,884-502-5285
448,466,Cellular,422,422-640-9616
449,467,Cellular,340,340-749-6640
450,468,Cellular,913,913-260-5908
451,469,Cellular,146,146-161-0751
452,470,Cellular,720,720-670-6376
453,471,Cellular,385,385-172-2304
454,472,Cellular,969,969-108-3880
455,473,Cellular,178,178-497-6381
456,474,Cellular,125,125-302-8196
457,475,Cellular,804,804-532-6828
458,476,Cellular,531,531-212-5264
459,478,Cellular,649,649-281-1047
460,479,Cellular,962,962-482-1935
461,480,Cellular,503,503-252-7641
462,482,Cellular,364,364-450-9367
463,483,Cellular,226,226-268-4925
464,484,Cellular,290,290-907-7947
465,485,Cellular,412,412-462-6473
466,486,Cellular,712,712-821-7924
467,487,Cellular,191,191-116-3345
468,488,Cellular,995,995-568-9111
469,489,Cellular,882,882-870-4125
470,490,Cellular,544,544-499-8217
471,491,Cellular,249,249-736-5705
472,492,Cellular,426,426-371-4648
473,493,Cellular,741,741-629-5167
474,494,Cellular,412,412-898-1462
475,495,Cellular,623,623-397-6741
476,497,Cellular,356,356-575-5406
477,498,Cellular,628,628-451-7727
478,499,Cellular,541,541-954-8647
479,500,Cellular,982,982-103-7006
480,501,Cellular,554,554-363-3910
481,502,Cellular,465,465-408-7447
482,503,Cellular,819,819-693-7538
483,505,Cellular,169,169-800-2074
484,506,Cellular,400,400-217-6129
485,507,Cellular,222,222-174-1536
486,508,Cellular,323,323-761-6593
487,509,Cellular,377,377-143-2037
488,510,Cellular,725,725-458-2600
489,511,Cellular,949,949-602-5775
490,512,Cellular,444,444-778-0071
491,513,Cellular,307,307-403-5816
492,514,Cellular,635,635-815-2497
493,515,Cellular,781,781-256-5626
494,516,Cellular,100,100-440-4512
495,517,Cellular,509,509-929-8692
496,519,Cellular,770,770-873-8706
497,520,Cellular,496,496-320-8616
498,521,Cellular,615,615-435-9965
499,522,Cellular,189,189-377-0787
500,523,Cellular,966,966-964-0179
501,524,Cellular,280,280-859-4236
502,525,Cellular,995,995-904-0328
503,526,Cellular,666,666-522-2333
504,527,Cellular,143,143-178-7457
505,528,Cellular,228,228-614-3022
506,529,Cellular,846,846-411-1941
507,530,Cellular,411,411-930-8847
508,531,Cellular,833,833-330-1202
509,532,Cellular,257,257-399-6959
510,533,Cellular,834,834-528-4867
511,534,Cellular,268,268-910-1288
512,535,Cellular,690,690-106-0283
513,536,Cellular,773,773-429-6976
514,537,Cellular,379,379-426-6392
515,538,Cellular,361,361-290-8534
516,539,Cellular,240,240-249-6997
517,540,Cellular,166,166-200-7628
518,541,Cellular,836,836-478-4999
519,542,Cellular,820,820-350-1800
520,543,Cellular,612,612-978-5732
521,544,Cellular,701,701-167-1893
522,545,Cellular,282,282-640-1972
523,546,Cellular,643,643-498-4183
524,547,Cellular,419,419-754-2728
525,548,Cellular,617,617-202-0077
526,549,Cellular,487,487-626-5314
527,550,Cellular,291,291-698-6261
528,551,Cellular,820,820-802-6458
529,552,Cellular,437,437-908-2846
530,553,Cellular,229,229-671-5474
531,554,Cellular,577,577-580-4053
532,555,Cellular,822,822-393-0078
533,556,Cellular,843,843-451-1791
534,557,Cellular,889,889-261-1340
535,558,Cellular,983,983-241-7115
536,559,Cellular,827,827-681-0172
537,560,Cellular,305,305-655-7088
538,561,Cellular,144,144-914-0254
539,562,Cellular,781,781-632-9220
540,563,Cellular,733,733-214-8237
541,564,Cellular,197,197-249-1733
542,565,Cellular,198,198-524-8591
543,567,Cellular,815,815-780-0862
544,568,Cellular,967,967-319-8287
545,569,Cellular,420,420-714-2964
546,570,Cellular,610,610-499-9732
547,571,Cellular,867,867-953-2674
548,572,Cellular,193,193-918-3861
549,573,Cellular,314,314-746-1446
550,574,Cellular,506,506-611-4114
551,575,Cellular,581,581-371-1114
552,576,Cellular,992,992-563-5331
553,577,Cellular,894,894-651-4980
554,578,Cellular,616,616-843-8555
555,579,Cellular,918,918-789-2332
556,580,Cellular,168,168-703-7031
557,581,Cellular,943,943-883-6641
558,582,Cellular,949,949-219-9822
559,583,Cellular,711,711-262-8273
560,584,Cellular,558,558-703-4938
561,585,Cellular,540,540-389-9303
562,586,Cellular,185,185-841-2524
563,587,Cellular,824,824-465-2005
564,588,Cellular,955,955-330-9591
565,589,Cellular,182,182-512-8309
566,590,Cellular,762,762-150-2499
567,591,Cellular,799,799-945-6690
568,592,Cellular,962,962-992-2250
569,593,Cellular,849,849-383-8591
570,594,Cellular,606,606-637-5623
571,595,Cellular,211,211-290-6618
572,596,Cellular,102,102-896-6692
573,597,Cellular,811,811-394-2997
574,598,Cellular,398,398-137-0658
575,599,Cellular,738,738-290-4244
576,600,Cellular,675,675-560-3320
577,601,Cellular,768,768-844-0424
578,602,Cellular,678,678-941-4232
579,603,Cellular,293,293-218-7670
580,604,Cellular,275,275-786-1915
581,605,Cellular,214,214-103-3750
582,606,Cellular,617,617-988-8180
583,607,Cellular,338,338-584-1868
584,608,Cellular,365,365-102-8995
585,609,Cellular,795,795-349-4693
586,610,Cellular,618,618-986-1477
587,611,Cellular,950,950-675-7647
588,612,Cellular,541,541-794-4309
589,613,Cellular,872,872-117-4352
590,614,Cellular,191,191-593-8795
591,615,Cellular,730,730-116-1243
592,616,Cellular,797,797-128-7381
593,617,Cellular,539,539-695-6956
594,618,Cellular,274,274-215-8958
595,619,Cellular,237,237-313-0579
596,620,Cellular,788,788-362-9821
597,621,Cellular,991,991-348-5899
598,622,Cellular,521,521-341-2069
599,623,Cellular,770,770-647-3761
600,624,Cellular,442,442-129-3594
601,625,Cellular,943,943-657-4652
602,626,Cellular,590,590-566-3682
603,627,Cellular,520,520-985-7906
604,628,Cellular,807,807-466-1622
605,629,Cellular,443,443-124-4418
606,630,Cellular,450,450-863-9437
607,631,Cellular,695,695-564-0734
608,632,Cellular,866,866-109-3257
609,633,Cellular,405,405-804-2708
610,634,Cellular,544,544-581-7584
611,635,Cellular,737,737-348-1304
612,636,Cellular,450,450-584-1311
613,637,Cellular,389,389-649-1101
614,638,Cellular,457,457-991-3698
615,639,Cellular,918,918-849-6310
616,640,Cellular,808,808-184-1996
617,641,Cellular,453,453-651-2782
618,642,Cellular,699,699-705-3475
619,643,Cellular,685,685-893-7026
620,644,Cellular,224,224-524-2233
621,645,Cellular,577,577-689-5045
622,646,Cellular,573,573-844-2927
623,647,Cellular,426,426-347-4674
624,648,Cellular,805,805-729-1391
625,649,Cellular,549,549-871-4053
626,650,Cellular,524,524-406-2881
627,651,Cellular,143,143-406-7688
628,652,Cellular,926,926-457-7170
629,653,Cellular,680,680-770-8684
630,654,Cellular,689,689-102-5464
631,656,Cellular,313,313-365-1151
632,657,Cellular,934,934-193-4966
633,658,Cellular,198,198-664-5457
634,659,Cellular,888,888-577-4006
635,660,Cellular,794,794-835-3721
636,661,Cellular,653,653-649-4641
637,662,Cellular,523,523-432-5820
638,663,Cellular,645,645-280-3041
639,664,Cellular,435,435-538-1508
640,665,Cellular,954,954-437-2927
641,666,Cellular,785,785-108-8544
642,667,Cellular,101,101-749-1722
643,668,Cellular,561,561-432-2555
644,669,Cellular,673,673-462-7333
645,670,Cellular,193,193-253-0563
646,671,Cellular,618,618-293-4632
647,672,Cellular,556,556-259-0832
648,673,Cellular,781,781-768-0396
649,674,Cellular,447,447-381-5940
650,675,Cellular,163,163-751-8660
651,676,Cellular,684,684-808-7643
652,677,Cellular,160,160-581-9197
653,679,Cellular,562,562-432-5661
654,680,Cellular,757,757-425-1137
655,681,Cellular,274,274-910-5493
656,682,Cellular,317,317-371-5353
657,684,Cellular,264,264-835-9479
658,685,Cellular,890,890-909-3556
659,686,Cellular,239,239-186-1659
660,687,Cellular,341,341-209-4793
661,688,Cellular,162,162-671-9486
662,689,Cellular,497,497-485-7292
663,691,Cellular,337,337-757-3696
664,692,Cellular,339,339-607-5392
665,693,Cellular,126,126-960-8267
666,694,Cellular,809,809-583-0617
667,695,Cellular,870,870-269-9664
668,696,Cellular,237,237-158-0791
669,697,Cellular,229,229-141-3801
670,698,Cellular,839,839-794-3611
671,699,Cellular,349,349-430-5535
672,700,Cellular,892,892-606-6875
673,702,Cellular,628,628-471-7410
674,703,Cellular,245,245-865-9040
675,704,Cellular,561,561-504-5497
676,705,Cellular,676,676-298-1608
677,706,Cellular,994,994-903-1104
678,707,Cellular,700,700-722-7992
679,708,Cellular,240,240-698-4944
680,709,Cellular,454,454-212-6861
681,710,Cellular,707,707-822-5697
682,711,Cellular,560,560-301-6536
683,712,Cellular,278,278-450-9238
684,713,Cellular,426,426-933-5180
685,714,Cellular,331,331-672-2921
686,715,Cellular,384,384-866-2152
687,716,Cellular,893,893-921-2595
688,717,Cellular,635,635-914-0041
689,718,Cellular,438,438-600-3714
690,719,Cellular,383,383-613-1514
691,720,Cellular,416,416-209-2963
692,722,Cellular,654,654-821-9595
693,723,Cellular,435,435-665-2796
694,724,Cellular,850,850-527-5802
695,725,Cellular,571,571-782-3790
696,726,Cellular,570,570-123-4717
697,727,Cellular,129,129-995-6104
698,728,Cellular,163,163-119-9054
699,730,Cellular,942,942-322-0366
700,731,Cellular,446,446-663-3234
701,732,Cellular,407,407-294-3291
702,733,Cellular,412,412-873-1963
703,734,Cellular,198,198-353-0171
704,735,Cellular,566,566-144-1490
705,736,Cellular,710,710-227-8087
706,737,Cellular,666,666-637-2262
707,738,Cellular,677,677-638-4228
708,739,Cellular,117,117-747-9474
709,740,Cellular,657,657-129-7689
710,741,Cellular,846,846-880-9400
711,742,Cellular,594,594-797-7349
712,743,Cellular,488,488-358-8606
713,744,Cellular,893,893-958-0205
714,745,Cellular,477,477-280-6150
715,746,Cellular,144,144-684-9231
716,747,Cellular,155,155-859-2860
717,748,Cellular,411,411-462-2089
718,749,Cellular,367,367-914-9091
719,750,Cellular,739,739-981-9312
720,751,Cellular,527,527-673-8144
721,752,Cellular,871,871-873-4280
722,753,Cellular,925,925-942-3489
723,754,Cellular,202,202-862-7214
724,755,Cellular,790,790-311-3319
725,756,Cellular,164,164-195-2433
726,757,Cellular,715,715-368-2670
727,758,Cellular,703,703-430-0243
728,759,Cellular,435,435-980-5496
729,760,Cellular,175,175-885-5598
730,762,Cellular,245,245-280-5114
731,763,Cellular,193,193-469-6202
732,764,Cellular,354,354-528-6045
733,765,Cellular,984,984-498-4524
734,766,Cellular,179,179-878-9463
735,767,Cellular,515,515-908-3850
736,768,Cellular,226,226-829-9439
737,769,Cellular,582,582-188-7155
738,770,Cellular,354,354-502-9009
739,771,Cellular,232,232-954-2721
740,772,Cellular,475,475-759-8362
741,773,Cellular,495,495-717-8160
742,774,Cellular,236,236-882-1672
743,775,Cellular,675,675-770-6272
744,776,Cellular,677,677-287-5171
745,777,Cellular,658,658-234-4773
746,778,Cellular,771,771-868-0578
747,779,Cellular,958,958-420-4603
748,781,Cellular,736,736-364-7316
749,782,Cellular,273,273-211-9574
750,783,Cellular,158,158-452-0388
751,784,Cellular,647,647-133-1410
752,785,Cellular,612,612-975-2427
753,786,Cellular,764,764-413-6459
754,787,Cellular,269,269-173-4766
755,788,Cellular,939,939-231-3713
756,789,Cellular,577,577-976-2774
757,790,Cellular,584,584-724-4248
758,791,Cellular,553,553-604-9124
759,792,Cellular,718,718-132-7090
760,793,Cellular,124,124-216-7599
761,794,Cellular,323,323-360-8000
762,795,Cellular,205,205-769-5463
763,796,Cellular,581,581-392-0541
764,797,Cellular,424,424-455-7802
765,798,Cellular,679,679-119-6948
766,799,Cellular,765,765-800-5698
767,800,Cellular,463,463-902-4296
768,801,Cellular,152,152-159-2780
769,802,Cellular,900,900-564-1292
770,803,Cellular,367,367-493-3539
771,804,Cellular,714,714-232-1586
772,805,Cellular,426,426-330-7105
773,806,Cellular,540,540-200-3639
774,808,Cellular,247,247-864-8753
775,809,Cellular,737,737-232-4132
776,810,Cellular,776,776-832-5177
777,811,Cellular,182,182-733-9114
778,812,Cellular,431,431-449-3115
779,813,Cellular,944,944-558-2647
780,814,Cellular,722,722-606-1802
781,815,Cellular,283,283-889-0953
782,816,Cellular,622,622-752-0843
783,817,Cellular,845,845-171-0555
784,818,Cellular,879,879-419-6928
785,819,Cellular,294,294-257-3187
786,820,Cellular,850,850-113-0655
787,821,Cellular,444,444-854-0708
788,822,Cellular,590,590-444-7984
789,823,Cellular,407,407-262-6721
790,824,Cellular,834,834-537-0203
791,825,Cellular,258,258-890-1612
792,826,Cellular,636,636-442-5293
793,827,Cellular,343,343-451-6744
794,828,Cellular,771,771-969-9250
795,829,Cellular,174,174-294-1074
796,830,Cellular,270,270-380-7807
797,832,Cellular,406,406-805-5023
798,833,Cellular,269,269-427-3689
799,834,Cellular,633,633-496-2564
800,835,Cellular,343,343-943-3323
801,836,Cellular,201,201-541-9001
802,837,Cellular,962,962-703-9002
803,838,Cellular,215,215-180-4077
804,839,Cellular,900,900-162-0415
805,840,Cellular,233,233-835-0822
806,841,Cellular,959,959-996-4686
807,842,Cellular,717,717-877-3925
808,843,Cellular,617,617-186-5787
809,844,Cellular,283,283-755-7709
810,845,Cellular,414,414-111-9268
811,846,Cellular,127,127-211-9811
812,847,Cellular,836,836-212-6365
813,848,Cellular,831,831-799-3385
814,849,Cellular,592,592-373-9842
815,850,Cellular,371,371-699-7087
816,851,Cellular,712,712-748-3983
817,852,Cellular,253,253-819-0347
818,853,Cellular,893,893-991-4691
819,854,Cellular,592,592-773-8920
820,855,Cellular,773,773-970-7769
821,856,Cellular,562,562-151-7702
822,857,Cellular,475,475-516-0015
823,858,Cellular,732,732-607-9193
824,859,Cellular,908,908-946-5348
825,861,Cellular,869,869-605-8648
826,862,Cellular,566,566-451-9884
827,863,Cellular,562,562-697-0174
828,865,Cellular,611,611-207-0976
829,866,Cellular,753,753-922-1251
830,867,Cellular,156,156-990-4734
831,868,Cellular,572,572-872-6675
832,869,Cellular,785,785-171-6879
833,870,Cellular,131,131-317-1518
834,871,Cellular,485,485-304-0029
835,872,Cellular,200,200-526-2666
836,873,Cellular,799,799-585-8288
837,874,Cellular,446,446-417-1884
838,875,Cellular,318,318-407-3334
839,876,Cellular,964,964-726-2215
840,877,Cellular,972,972-937-5922
841,878,Cellular,699,699-896-4652
842,879,Cellular,774,774-736-3169
843,880,Cellular,626,626-288-0290
844,881,Cellular,471,471-399-3025
845,882,Cellular,968,968-208-2262
846,883,Cellular,146,146-826-1049
847,884,Cellular,360,360-954-0551
848,885,Cellular,139,139-777-1175
849,886,Cellular,740,740-650-7982
850,887,Cellular,762,762-365-7049
851,888,Cellular,521,521-860-4447
852,889,Cellular,336,336-449-9484
853,890,Cellular,267,267-928-7637
854,891,Cellular,704,704-448-5776
855,892,Cellular,108,108-422-0748
856,893,Cellular,304,304-621-4618
857,894,Cellular,465,465-885-9521
858,895,Cellular,586,586-522-6792
859,896,Cellular,695,695-464-1164
860,897,Cellular,705,705-151-4680
861,898,Cellular,786,786-663-1035
862,899,Cellular,925,925-150-5049
863,900,Cellular,336,336-531-2531
864,901,Cellular,433,433-829-3574
865,902,Cellular,135,135-569-2811
866,903,Cellular,590,590-725-6958
867,904,Cellular,856,856-398-0578
868,905,Cellular,405,405-294-0354
869,906,Cellular,365,365-921-2424
870,907,Cellular,704,704-701-5716
871,908,Cellular,903,903-538-4006
872,909,Cellular,193,193-769-0070
873,910,Cellular,447,447-261-2908
874,911,Cellular,532,532-690-2012
875,912,Cellular,662,662-288-1945
876,913,Cellular,519,519-805-8817
877,914,Cellular,278,278-628-1248
878,915,Cellular,963,963-964-6693
879,916,Cellular,548,548-444-1321
880,917,Cellular,927,927-420-0428
881,918,Cellular,610,610-298-9312
882,919,Cellular,177,177-625-0466
883,920,Cellular,381,381-838-3680
884,921,Cellular,306,306-302-4597
885,922,Cellular,583,583-175-7708
886,923,Cellular,388,388-596-7894
887,924,Cellular,832,832-816-9702
888,925,Cellular,476,476-548-1102
889,926,Cellular,425,425-610-4193
890,927,Cellular,968,968-538-6158
891,928,Cellular,962,962-673-5830
892,929,Cellular,950,950-929-7243
893,930,Cellular,362,362-811-5120
894,931,Cellular,683,683-843-9184
895,932,Cellular,369,369-495-7039
896,933,Cellular,704,704-135-3954
897,934,Cellular,762,762-894-9374
898,935,Cellular,714,714-165-8456
899,936,Cellular,248,248-295-1132
900,937,Cellular,716,716-968-6727
901,938,Cellular,332,332-909-8747
902,939,Cellular,638,638-754-6103
903,940,Cellular,133,133-539-9549
904,942,Cellular,316,316-722-4796
905,943,Cellular,342,342-499-4819
906,944,Cellular,247,247-852-4696
907,945,Cellular,158,158-479-8009
908,946,Cellular,221,221-613-6514
909,947,Cellular,738,738-414-8729
910,948,Cellular,501,501-963-7323
911,949,Cellular,160,160-194-2393
912,951,Cellular,650,650-372-6354
913,952,Cellular,830,830-430-3997
914,953,Cellular,695,695-426-5891
915,954,Cellular,254,254-431-8674
916,955,Cellular,449,449-656-2670
917,956,Cellular,775,775-849-0874
918,957,Cellular,450,450-490-8847
919,958,Cellular,802,802-791-8423
920,959,Cellular,634,634-358-4269
921,960,Cellular,310,310-561-3883
922,961,Cellular,188,188-364-4360
923,962,Cellular,473,473-801-5006
924,963,Cellular,982,982-989-8369
925,964,Cellular,135,135-857-3539
926,965,Cellular,357,357-246-4169
927,966,Cellular,618,618-850-7109
928,967,Cellular,307,307-695-3290
929,968,Cellular,751,751-314-1091
930,969,Cellular,522,522-532-7632
931,970,Cellular,430,430-408-0373
932,971,Cellular,350,350-773-0890
933,972,Cellular,805,805-597-6743
934,973,Cellular,338,338-961-3558
935,974,Cellular,501,501-940-1523
936,975,Cellular,684,684-423-9257
937,976,Cellular,213,213-779-9815
938,977,Cellular,814,814-757-2525
939,978,Cellular,722,722-225-7767
940,979,Cellular,727,727-717-8575
941,980,Cellular,603,603-661-8661
942,981,Cellular,584,584-623-3883
943,982,Cellular,133,133-729-1440
944,983,Cellular,404,404-917-0949
945,984,Cellular,559,559-290-1726
946,985,Cellular,882,882-789-1124
947,986,Cellular,643,643-101-9733
948,987,Cellular,713,713-594-7295
949,988,Cellular,984,984-335-4433
950,989,Cellular,916,916-995-4675
951,990,Cellular,125,125-555-5586
952,991,Cellular,315,315-727-4644
953,992,Cellular,630,630-956-5252
954,993,Cellular,871,871-510-0110
955,994,Cellular,281,281-491-8104
956,995,Cellular,499,499-711-1417
957,996,Cellular,511,511-907-3315
958,997,Cellular,273,273-728-1271
959,998,Cellular,220,220-911-1306
960,999,Cellular,470,470-418-2608
961,1000,Cellular,952,952-976-4138
962,2,Home,441,441-557-2835
963,3,Home,998,998-239-4082
964,5,Home,317,317-756-0975
965,10,Home,449,449-971-7759
966,11,Home,790,790-832-4539
967,12,Home,812,812-671-2569
968,14,Home,454,454-730-8259
969,16,Home,629,629-438-4169
970,17,Home,804,804-209-6009
971,22,Home,130,130-493-8381
972,23,Home,234,234-782-3406
973,24,Home,387,387-995-2640
974,29,Home,388,388-488-7596
975,30,Home,744,744-544-2543
976,32,Home,742,742-302-1759
977,33,Home,154,154-670-0891
978,35,Home,656,656-894-9957
979,38,Home,581,581-510-2303
980,39,Home,280,280-345-6777
981,40,Home,549,549-882-4758
982,41,Home,955,955-332-1578
983,43,Home,935,935-397-8398
984,46,Home,438,438-558-8607
985,47,Home,551,551-539-6647
986,49,Home,453,453-222-0717
987,50,Home,848,848-699-3800
988,52,Home,567,567-135-0102
989,53,Home,462,462-845-3036
990,55,Home,378,378-682-1902
991,56,Home,765,765-701-9463
992,57,Home,324,324-319-1885
993,63,Home,188,188-450-8080
994,65,Home,758,758-101-8619
995,66,Home,647,647-325-5036
996,69,Home,721,721-974-7317
997,70,Home,359,359-310-9403
998,77,Home,258,258-960-2550
999,78,Home,738,738-434-8751
1000,82,Home,761,761-508-2579
1001,88,Home,760,760-702-3529
1002,89,Home,454,454-192-9694
1003,93,Home,800,800-490-0502
1004,95,Home,804,804-522-4722
1005,96,Home,514,514-186-3739
1006,100,Home,870,870-885-1418
1007,103,Home,369,369-238-2038
1008,108,Home,166,166-513-3272
1009,109,Home,725,725-966-9431
1010,110,Home,768,768-841-9661
1011,114,Home,443,443-590-1681
1012,117,Home,728,728-382-1377
1013,119,Home,862,862-580-2697
1014,122,Home,222,222-357-9889
1015,123,Home,841,841-389-7758
1016,124,Home,527,527-999-5145
1017,125,Home,971,971-724-5844
1018,126,Home,720,720-767-5395
1019,128,Home,204,204-136-9355
1020,129,Home,395,395-815-2605
1021,131,Home,950,950-735-9534
1022,133,Home,603,603-378-9604
1023,135,Home,195,195-591-2761
1024,139,Home,657,657-665-0989
1025,140,Home,594,594-100-8807
1026,141,Home,936,936-470-8740
1027,142,Home,224,224-628-0332
1028,146,Home,596,596-594-6343
1029,148,Home,974,974-202-6083
1030,149,Home,620,620-317-5161
1031,150,Home,361,361-857-2319
1032,151,Home,474,474-264-4928
1033,152,Home,821,821-859-4219
1034,153,Home,319,319-230-9127
1035,156,Home,539,539-870-5632
1036,157,Home,910,910-727-3016
1037,158,Home,600,600-258-1532
1038,160,Home,963,963-529-5711
1039,161,Home,994,994-199-8435
1040,164,Home,702,702-101-1841
1041,165,Home,505,505-562-5213
1042,172,Home,347,347-874-4660
1043,174,Home,793,793-559-9408
1044,175,Home,120,120-469-6580
1045,177,Home,450,450-962-3731
1046,178,Home,918,918-917-1949
1047,179,Home,118,118-992-2961
1048,181,Home,264,264-266-4036
1049,183,Home,448,448-875-4499
1050,185,Home,409,409-492-7295
1051,188,Home,156,156-986-1385
1052,190,Home,846,846-697-1049
1053,191,Home,616,616-408-2685
1054,192,Home,593,593-872-0141
1055,193,Home,719,719-433-1940
1056,195,Home,435,435-497-6117
1057,196,Home,638,638-228-7039
1058,198,Home,541,541-972-9215
1059,199,Home,928,928-585-8252
1060,200,Home,384,384-681-2575
1061,201,Home,915,915-909-0320
1062,202,Home,660,660-223-6277
1063,203,Home,628,628-961-4631
1064,204,Home,547,547-604-7582
1065,205,Home,422,422-166-8360
1066,206,Home,854,854-288-5241
1067,208,Home,521,521-390-3859
1068,209,Home,217,217-357-8603
1069,210,Home,305,305-505-9304
1070,211,Home,131,131-554-7673
1071,213,Home,771,771-537-3767
1072,216,Home,828,828-378-2541
1073,219,Home,570,570-326-2552
1074,220,Home,193,193-474-2547
1075,225,Home,919,919-608-1138
1076,226,Home,801,801-150-6562
1077,229,Home,653,653-718-0691
1078,230,Home,954,954-591-2566
1079,232,Home,209,209-856-5568
1080,233,Home,498,498-916-0531
1081,234,Home,952,952-702-7639
1082,235,Home,873,873-763-9477
1083,239,Home,360,360-261-3677
1084,242,Home,216,216-219-8508
1085,245,Home,643,643-581-4018
1086,246,Home,898,898-311-4913
1087,248,Home,352,352-617-0424
1088,249,Home,738,738-575-1532
1089,252,Home,216,216-128-4604
1090,253,Home,393,393-933-6921
1091,254,Home,619,619-985-1726
1092,256,Home,563,563-898-4407
1093,258,Home,593,593-520-4976
1094,260,Home,798,798-645-1435
1095,262,Home,212,212-363-6520
1096,264,Home,135,135-793-7070
1097,266,Home,607,607-945-9621
1098,267,Home,439,439-612-2673
1099,269,Home,226,226-768-0943
1100,270,Home,731,731-819-7090
1101,271,Home,260,260-252-9568
1102,273,Home,768,768-515-3346
1103,278,Home,102,102-472-6185
1104,280,Home,902,902-975-0670
1105,281,Home,144,144-795-1499
1106,282,Home,443,443-211-9294
1107,284,Home,255,255-751-4399
1108,285,Home,873,873-123-1637
1109,289,Home,524,524-230-9991
1110,290,Home,150,150-580-3358
1111,291,Home,614,614-466-2418
1112,294,Home,722,722-851-7661
1113,303,Home,590,590-859-9229
1114,304,Home,708,708-700-4378
1115,305,Home,484,484-275-6972
1116,308,Home,416,416-967-8297
1117,310,Home,120,120-867-6346
1118,311,Home,917,917-730-3401
1119,312,Home,402,402-771-7293
1120,314,Home,132,132-352-4939
1121,316,Home,998,998-366-3986
1122,319,Home,795,795-348-8410
1123,320,Home,517,517-484-8461
1124,322,Home,106,106-320-8656
1125,323,Home,175,175-139-8966
1126,324,Home,114,114-109-2699
1127,325,Home,416,416-527-9411
1128,327,Home,701,701-951-6627
1129,328,Home,113,113-833-7850
1130,330,Home,115,115-407-9844
1131,332,Home,225,225-868-9797
1132,334,Home,186,186-407-9924
1133,336,Home,337,337-994-7403
1134,337,Home,740,740-161-2202
1135,339,Home,142,142-284-8389
1136,341,Home,448,448-993-3474
1137,342,Home,857,857-707-7664
1138,344,Home,883,883-242-4398
1139,345,Home,919,919-323-1257
1140,346,Home,538,538-735-6171
1141,347,Home,647,647-127-4086
1142,348,Home,346,346-244-6524
1143,349,Home,934,934-421-9357
1144,350,Home,405,405-347-9722
1145,358,Home,209,209-535-2702
1146,359,Home,266,266-263-9469
1147,360,Home,730,730-107-2205
1148,364,Home,582,582-749-6687
1149,366,Home,666,666-756-7464
1150,370,Home,789,789-400-2515
1151,373,Home,725,725-649-0235
1152,374,Home,668,668-288-6001
1153,375,Home,596,596-847-5055
1154,377,Home,707,707-357-7631
1155,379,Home,815,815-424-8560
1156,384,Home,728,728-482-0392
1157,385,Home,204,204-119-8973
1158,387,Home,974,974-355-1991
1159,388,Home,792,792-798-2012
1160,389,Home,265,265-831-5801
1161,390,Home,667,667-288-6212
1162,391,Home,594,594-957-5867
1163,393,Home,440,440-289-8057
1164,397,Home,500,500-159-1166
1165,399,Home,915,915-417-5581
1166,408,Home,648,648-571-4202
1167,410,Home,286,286-187-4570
1168,413,Home,942,942-462-9310
1169,424,Home,139,139-715-3022
1170,426,Home,449,449-253-1352
1171,427,Home,277,277-894-6191
1172,429,Home,212,212-241-1047
1173,430,Home,611,611-586-0987
1174,431,Home,730,730-827-7962
1175,435,Home,199,199-584-8576
1176,439,Home,931,931-165-9882
1177,440,Home,700,700-469-3191
1178,446,Home,164,164-838-5185
1179,447,Home,637,637-306-2368
1180,449,Home,698,698-666-5675
1181,452,Home,416,416-513-9185
1182,455,Home,429,429-183-1898
1183,456,Home,913,913-290-1029
1184,457,Home,195,195-834-7955
1185,463,Home,483,483-761-7372
1186,465,Home,567,567-770-1111
1187,467,Home,214,214-352-6381
1188,468,Home,534,534-154-8618
1189,469,Home,667,667-447-8000
1190,470,Home,170,170-938-9058
1191,472,Home,164,164-380-7212
1192,475,Home,937,937-135-2004
1193,476,Home,706,706-286-6061
1194,477,Home,863,863-503-0563
1195,479,Home,472,472-232-5210
1196,482,Home,121,121-934-9403
1197,485,Home,685,685-409-9085
1198,486,Home,868,868-426-8082
1199,487,Home,509,509-521-4735
1200,488,Home,166,166-631-6630
1201,489,Home,977,977-663-9183
1202,491,Home,128,128-320-9244
1203,492,Home,648,648-244-7436
1204,496,Home,138,138-648-7465
1205,499,Home,813,813-512-1295
1206,500,Home,470,470-797-9418
1207,501,Home,397,397-796-6693
1208,505,Home,499,499-508-8416
1209,506,Home,986,986-373-5019
1210,508,Home,707,707-106-4739
1211,509,Home,657,657-510-8911
1212,510,Home,202,202-783-0750
1213,516,Home,454,454-731-4647
1214,517,Home,757,757-797-0053
1215,518,Home,288,288-615-0105
1216,519,Home,256,256-874-6101
1217,522,Home,446,446-878-4707
1218,523,Home,709,709-162-0392
1219,525,Home,934,934-357-9610
1220,526,Home,831,831-399-6098
1221,530,Home,538,538-703-0206
1222,531,Home,465,465-668-2750
1223,532,Home,438,438-242-3353
1224,534,Home,124,124-723-9834
1225,537,Home,722,722-931-7082
1226,538,Home,696,696-784-7980
1227,539,Home,880,880-723-9347
1228,541,Home,762,762-657-3787
1229,542,Home,313,313-526-5569
1230,543,Home,215,215-128-1209
1231,545,Home,730,730-706-4982
1232,548,Home,154,154-687-4059
1233,549,Home,553,553-521-3453
1234,552,Home,706,706-458-4328
1235,553,Home,558,558-206-7434
1236,554,Home,571,571-222-3859
1237,555,Home,462,462-374-8922
1238,556,Home,794,794-481-3272
1239,558,Home,338,338-971-3228
1240,560,Home,910,910-813-6415
1241,561,Home,113,113-984-8287
1242,562,Home,202,202-953-8690
1243,563,Home,993,993-579-8257
1244,570,Home,510,510-509-1271
1245,572,Home,133,133-648-4677
1246,573,Home,166,166-250-7186
1247,576,Home,263,263-210-4517
1248,577,Home,612,612-204-4153
1249,578,Home,264,264-549-2023
1250,579,Home,543,543-388-7040
1251,580,Home,841,841-238-2109
1252,581,Home,537,537-736-7621
1253,582,Home,623,623-677-2825
1254,584,Home,892,892-538-2055
1255,588,Home,340,340-852-3223
1256,593,Home,421,421-831-3543
1257,595,Home,413,413-531-8434
1258,597,Home,617,617-481-3465
1259,598,Home,170,170-556-7855
1260,599,Home,600,600-451-2532
1261,601,Home,421,421-197-2033
1262,604,Home,670,670-655-9341
1263,606,Home,737,737-958-9439
1264,609,Home,164,164-223-0877
1265,614,Home,922,922-240-3086
1266,616,Home,618,618-796-9938
1267,619,Home,249,249-709-9202
1268,620,Home,661,661-692-3911
1269,621,Home,853,853-546-9822
1270,625,Home,611,611-461-4174
1271,627,Home,504,504-352-0892
1272,629,Home,354,354-471-8412
1273,630,Home,294,294-658-2004
1274,637,Home,848,848-962-9031
1275,638,Home,893,893-613-4964
1276,639,Home,988,988-582-1746
1277,645,Home,487,487-123-8854
1278,646,Home,615,615-152-0368
1279,647,Home,922,922-600-3983
1280,649,Home,206,206-963-7826
1281,655,Home,472,472-957-6298
1282,659,Home,231,231-279-4678
1283,661,Home,995,995-487-6226
1284,663,Home,233,233-168-1541
1285,666,Home,604,604-829-8721
1286,669,Home,429,429-351-3856
1287,674,Home,506,506-215-3265
1288,675,Home,425,425-984-6018
1289,676,Home,576,576-848-4382
1290,677,Home,821,821-923-5298
1291,679,Home,205,205-861-9844
1292,682,Home,196,196-291-3176
1293,683,Home,685,685-128-6858
1294,684,Home,304,304-705-4385
1295,686,Home,455,455-243-8795
1296,688,Home,839,839-383-0122
1297,689,Home,415,415-325-9256
1298,690,Home,374,374-172-8318
1299,694,Home,731,731-234-9537
1300,700,Home,464,464-824-7570
1301,703,Home,533,533-430-2247
1302,704,Home,206,206-411-4699
1303,705,Home,488,488-999-9988
1304,706,Home,908,908-793-1053
1305,709,Home,714,714-151-5616
1306,710,Home,313,313-874-1285
1307,712,Home,272,272-133-6169
1308,713,Home,743,743-462-6487
1309,716,Home,415,415-399-0433
1310,717,Home,565,565-700-1642
1311,719,Home,359,359-471-4507
1312,720,Home,672,672-355-8595
1313,721,Home,390,390-895-2549
1314,722,Home,645,645-236-8045
1315,723,Home,526,526-739-2732
1316,727,Home,963,963-468-8531
1317,728,Home,362,362-702-8075
1318,730,Home,473,473-852-0193
1319,731,Home,305,305-237-3915
1320,732,Home,643,643-617-2212
1321,733,Home,467,467-386-2020
1322,735,Home,823,823-232-4278
1323,736,Home,957,957-691-3150
1324,738,Home,279,279-884-5244
1325,739,Home,395,395-756-3515
1326,741,Home,432,432-943-2237
1327,742,Home,175,175-176-2824
1328,743,Home,585,585-672-2449
1329,747,Home,761,761-787-3129
1330,751,Home,550,550-782-4535
1331,752,Home,113,113-243-0751
1332,753,Home,651,651-398-9878
1333,758,Home,699,699-592-2201
1334,759,Home,916,916-874-2835
1335,761,Home,893,893-325-8654
1336,765,Home,131,131-239-6896
1337,769,Home,815,815-464-7708
1338,773,Home,638,638-201-7276
1339,774,Home,763,763-441-0092
1340,775,Home,636,636-748-3132
1341,780,Home,961,961-814-7422
1342,782,Home,818,818-918-9740
1343,784,Home,446,446-158-9664
1344,785,Home,665,665-826-5055
1345,789,Home,611,611-949-7678
1346,791,Home,677,677-469-9455
1347,792,Home,399,399-360-8637
1348,793,Home,221,221-309-4868
1349,794,Home,218,218-700-3506
1350,795,Home,797,797-168-6816
1351,799,Home,778,778-903-7321
1352,802,Home,337,337-743-5462
1353,803,Home,216,216-162-9865
1354,809,Home,616,616-874-6016
1355,810,Home,274,274-991-0736
1356,813,Home,397,397-216-0932
1357,814,Home,335,335-651-6531
1358,815,Home,551,551-153-8333
1359,817,Home,191,191-475-1188
1360,818,Home,467,467-709-3343
1361,823,Home,310,310-311-3404
1362,825,Home,953,953-890-4936
1363,827,Home,692,692-336-4421
1364,829,Home,454,454-608-7736
1365,830,Home,617,617-789-0523
1366,831,Home,920,920-275-8249
1367,835,Home,264,264-862-5184
1368,836,Home,512,512-144-3570
1369,837,Home,851,851-978-8586
1370,840,Home,897,897-994-6381
1371,842,Home,283,283-318-2108
1372,846,Home,986,986-267-9674
1373,848,Home,330,330-113-5710
1374,849,Home,443,443-123-5572
1375,851,Home,752,752-834-6762
1376,852,Home,511,511-122-4019
1377,853,Home,126,126-341-6977
1378,854,Home,108,108-514-3652
1379,855,Home,582,582-315-1074
1380,857,Home,235,235-103-6400
1381,865,Home,493,493-614-2925
1382,867,Home,480,480-399-2911
1383,869,Home,547,547-446-2676
1384,871,Home,145,145-506-0145
1385,873,Home,728,728-983-3433
1386,874,Home,161,161-603-6586
1387,875,Home,783,783-591-8077
1388,879,Home,408,408-789-0878
1389,880,Home,959,959-851-9998
1390,882,Home,541,541-668-3252
1391,884,Home,513,513-213-1327
1392,885,Home,413,413-849-9432
1393,887,Home,109,109-881-7428
1394,888,Home,843,843-291-2521
1395,889,Home,694,694-542-6583
1396,890,Home,305,305-646-2294
1397,892,Home,853,853-520-5515
1398,896,Home,908,908-891-9403
1399,900,Home,154,154-481-7732
1400,904,Home,316,316-661-6134
1401,905,Home,610,610-849-7960
1402,906,Home,314,314-674-6210
1403,907,Home,906,906-962-3914
1404,909,Home,132,132-481-0108
1405,910,Home,974,974-937-3200
1406,914,Home,180,180-246-3349
1407,917,Home,753,753-897-6727
1408,920,Home,937,937-153-8251
1409,921,Home,555,555-665-3833
1410,926,Home,829,829-485-3783
1411,929,Home,827,827-347-0145
1412,930,Home,428,428-432-7721
1413,932,Home,783,783-499-5995
1414,937,Home,682,682-231-9147
1415,938,Home,733,733-509-1047
1416,940,Home,730,730-957-6065
1417,943,Home,865,865-577-7549
1418,945,Home,210,210-180-3931
1419,948,Home,672,672-415-3314
1420,950,Home,760,760-557-9463
1421,951,Home,536,536-903-4795
1422,953,Home,101,101-910-0766
1423,954,Home,359,359-899-2375
1424,957,Home,400,400-904-9947
1425,958,Home,122,122-806-0688
1426,960,Home,201,201-306-1291
1427,962,Home,333,333-404-2278
1428,966,Home,320,320-324-1739
1429,967,Home,141,141-469-5864
1430,968,Home,657,657-976-1268
1431,969,Home,457,457-890-2399
1432,972,Home,236,236-716-1495
1433,974,Home,611,611-473-9520
1434,975,Home,118,118-808-6105
1435,976,Home,444,444-807-2663
1436,977,Home,189,189-943-3809
1437,978,Home,627,627-850-8581
1438,984,Home,164,164-120-1050
1439,988,Home,194,194-870-5733
1440,994,Home,597,597-896-7953
1441,995,Home,456,456-537-7814
1442,996,Home,121,121-713-2260
1443,997,Home,311,311-345-4648
1444,1000,Home,851,851-955-4193
1445,1,Work,575,575-780-6421
1446,2,Work,526,526-691-3663
1447,3,Work,470,470-347-7202
1448,5,Work,672,672-643-5210
1449,6,Work,935,935-221-4565
1450,8,Work,420,420-902-8960
1451,9,Work,536,536-596-8574
1452,10,Work,405,405-746-6553
1453,12,Work,974,974-398-8066
1454,15,Work,944,944-146-6149
1455,16,Work,100,100-718-3343
1456,18,Work,725,725-135-7813
1457,19,Work,373,373-829-6128
1458,20,Work,205,205-867-7790
1459,21,Work,136,136-209-9292
1460,22,Work,732,732-735-8158
1461,24,Work,364,364-839-7318
1462,25,Work,754,754-815-2133
1463,27,Work,205,205-324-5139
1464,28,Work,742,742-339-9060
1465,29,Work,570,570-895-9983
1466,31,Work,612,612-222-9943
1467,33,Work,555,555-996-6608
1468,34,Work,955,955-258-7776
1469,36,Work,844,844-442-7505
1470,37,Work,222,222-834-2561
1471,38,Work,277,277-275-7948
1472,39,Work,337,337-587-0981
1473,40,Work,147,147-887-5649
1474,43,Work,346,346-177-2480
1475,44,Work,504,504-702-5753
1476,45,Work,335,335-829-3422
1477,46,Work,310,310-276-0552
1478,47,Work,619,619-706-2111
1479,48,Work,767,767-102-8784
1480,50,Work,395,395-288-3413
1481,51,Work,411,411-205-9343
1482,52,Work,709,709-745-0219
1483,53,Work,575,575-701-3295
1484,55,Work,749,749-296-8636
1485,56,Work,920,920-329-4108
1486,58,Work,755,755-534-1340
1487,59,Work,775,775-391-2049
1488,60,Work,992,992-279-8238
1489,61,Work,685,685-481-0480
1490,64,Work,834,834-909-1478
1491,66,Work,712,712-204-2142
1492,67,Work,569,569-828-2353
1493,68,Work,365,365-927-9690
1494,69,Work,284,284-234-0042
1495,73,Work,689,689-233-6416
1496,74,Work,442,442-144-0201
1497,77,Work,535,535-238-8834
1498,78,Work,146,146-778-2020
1499,79,Work,463,463-183-4657
1500,80,Work,741,741-274-5179
1501,81,Work,928,928-679-8594
1502,84,Work,812,812-390-3319
1503,85,Work,185,185-191-2451
1504,86,Work,996,996-985-1004
1505,87,Work,972,972-245-7747
1506,88,Work,712,712-270-4972
1507,92,Work,951,951-307-6360
1508,93,Work,275,275-459-6375
1509,94,Work,845,845-667-9320
1510,95,Work,610,610-394-0372
1511,97,Work,374,374-927-8236
1512,98,Work,497,497-161-2807
1513,100,Work,446,446-971-3511
1514,101,Work,560,560-427-8364
1515,103,Work,644,644-697-0806
1516,105,Work,903,903-723-8230
1517,106,Work,575,575-831-8442
1518,107,Work,171,171-586-9880
1519,108,Work,355,355-563-4878
1520,109,Work,665,665-431-3941
1521,110,Work,135,135-820-4074
1522,111,Work,384,384-566-9537
1523,113,Work,126,126-184-5686
1524,114,Work,319,319-215-9511
1525,115,Work,425,425-649-6990
1526,119,Work,456,456-574-3485
1527,122,Work,175,175-896-9475
1528,123,Work,660,660-861-7324
1529,125,Work,885,885-614-2560
1530,126,Work,601,601-464-5787
1531,128,Work,533,533-739-6596
1532,129,Work,470,470-766-4449
1533,130,Work,878,878-648-8002
1534,131,Work,320,320-144-5636
1535,132,Work,440,440-549-6823
1536,133,Work,959,959-118-6515
1537,135,Work,851,851-810-7191
1538,137,Work,802,802-173-4188
1539,138,Work,311,311-559-9990
1540,139,Work,596,596-335-4027
1541,140,Work,998,998-102-4319
1542,142,Work,523,523-284-1173
1543,143,Work,682,682-788-0921
1544,145,Work,940,940-916-1708
1545,146,Work,599,599-479-7143
1546,147,Work,194,194-514-6250
1547,148,Work,605,605-462-1975
1548,149,Work,800,800-218-9724
1549,151,Work,130,130-575-1451
1550,152,Work,780,780-729-0513
1551,153,Work,270,270-936-1024
1552,154,Work,212,212-357-5802
1553,155,Work,363,363-591-9833
1554,156,Work,308,308-853-5308
1555,157,Work,505,505-531-2951
1556,158,Work,583,583-506-0181
1557,160,Work,272,272-475-7047
1558,162,Work,871,871-525-5326
1559,163,Work,906,906-287-3813
1560,164,Work,519,519-539-6640
1561,166,Work,299,299-392-3863
1562,167,Work,774,774-467-6424
1563,168,Work,138,138-193-3944
1564,169,Work,922,922-656-3574
1565,170,Work,179,179-846-7624
1566,171,Work,316,316-810-2478
1567,172,Work,429,429-564-2215
1568,176,Work,703,703-259-6055
1569,177,Work,238,238-854-7937
1570,179,Work,503,503-731-6441
1571,181,Work,677,677-801-8753
1572,182,Work,508,508-481-0030
1573,183,Work,580,580-158-6597
1574,184,Work,292,292-116-1054
1575,185,Work,475,475-504-7773
1576,186,Work,201,201-156-7465
1577,187,Work,161,161-517-0954
1578,188,Work,364,364-650-8064
1579,189,Work,732,732-664-1953
1580,190,Work,669,669-622-5273
1581,192,Work,162,162-660-8196
1582,194,Work,927,927-824-8433
1583,195,Work,935,935-971-9145
1584,196,Work,306,306-748-2425
1585,197,Work,784,784-524-1493
1586,198,Work,528,528-555-9675
1587,201,Work,221,221-904-6120
1588,203,Work,418,418-875-6867
1589,204,Work,713,713-480-9106
1590,205,Work,746,746-410-5130
1591,206,Work,244,244-357-2839
1592,208,Work,677,677-609-3277
1593,210,Work,550,550-570-7649
1594,212,Work,577,577-386-0520
1595,213,Work,137,137-998-6889
1596,215,Work,585,585-884-7792
1597,216,Work,770,770-578-3527
1598,217,Work,724,724-777-7402
1599,220,Work,391,391-234-9494
1600,222,Work,297,297-662-7654
1601,223,Work,861,861-527-6830
1602,224,Work,855,855-460-1939
1603,226,Work,702,702-920-2292
1604,228,Work,894,894-507-0455
1605,230,Work,640,640-427-7474
1606,231,Work,939,939-857-8068
1607,232,Work,517,517-733-5398
1608,233,Work,957,957-469-7349
1609,234,Work,737,737-734-5439
1610,235,Work,785,785-818-6829
1611,236,Work,691,691-960-7950
1612,237,Work,141,141-363-0839
1613,238,Work,615,615-408-7705
1614,241,Work,943,943-658-5773
1615,244,Work,692,692-610-7221
1616,245,Work,177,177-712-1163
1617,246,Work,515,515-598-3351
1618,247,Work,909,909-657-7010
1619,248,Work,621,621-282-4315
1620,249,Work,565,565-530-1901
1621,251,Work,221,221-153-7818
1622,252,Work,567,567-242-8553
1623,254,Work,226,226-990-8334
1624,255,Work,963,963-618-3936
1625,257,Work,560,560-533-3577
1626,260,Work,678,678-278-9610
1627,262,Work,159,159-680-7922
1628,263,Work,665,665-471-8093
1629,264,Work,615,615-291-2936
1630,266,Work,133,133-947-4353
1631,269,Work,454,454-488-2348
1632,270,Work,671,671-260-1052
1633,271,Work,995,995-718-1899
1634,272,Work,330,330-792-9306
1635,274,Work,822,822-404-6599
1636,276,Work,304,304-553-1314
1637,277,Work,849,849-878-1350
1638,278,Work,651,651-954-5706
1639,279,Work,975,975-186-3275
1640,280,Work,259,259-837-7467
1641,281,Work,955,955-254-6266
1642,282,Work,510,510-881-2776
1643,284,Work,303,303-687-2112
1644,285,Work,119,119-142-4923
1645,286,Work,361,361-841-9483
1646,287,Work,445,445-463-2036
1647,288,Work,940,940-283-2494
1648,290,Work,609,609-397-8181
1649,294,Work,415,415-391-8624
1650,295,Work,620,620-846-8310
1651,296,Work,246,246-751-8770
1652,297,Work,131,131-274-4339
1653,298,Work,768,768-943-3582
1654,299,Work,396,396-378-9449
1655,300,Work,685,685-780-7436
1656,301,Work,109,109-441-2458
1657,302,Work,913,913-906-8441
1658,304,Work,170,170-443-0516
1659,305,Work,897,897-924-9172
1660,306,Work,962,962-769-8706
1661,307,Work,158,158-140-9215
1662,309,Work,230,230-417-5878
1663,310,Work,607,607-115-0976
1664,314,Work,979,979-941-2868
1665,317,Work,398,398-737-4833
1666,318,Work,443,443-334-6477
1667,320,Work,390,390-842-6160
1668,321,Work,958,958-520-7861
1669,325,Work,474,474-345-8269
1670,326,Work,636,636-215-2441
1671,328,Work,218,218-566-8321
1672,330,Work,780,780-766-5194
1673,333,Work,317,317-903-7792
1674,334,Work,685,685-967-8364
1675,336,Work,970,970-988-0877
1676,337,Work,427,427-539-2916
1677,338,Work,201,201-398-4375
1678,341,Work,325,325-943-8882
1679,344,Work,681,681-400-2720
1680,345,Work,370,370-202-5960
1681,349,Work,945,945-956-2686
1682,350,Work,790,790-506-3204
1683,351,Work,887,887-802-1736
1684,352,Work,338,338-506-2497
1685,354,Work,184,184-568-3761
1686,357,Work,909,909-215-4838
1687,358,Work,879,879-797-1124
1688,364,Work,504,504-337-0116
1689,365,Work,377,377-536-3273
1690,366,Work,948,948-644-8406
1691,367,Work,101,101-854-8404
1692,370,Work,416,416-879-8878
1693,371,Work,604,604-545-2282
1694,376,Work,675,675-945-1790
1695,377,Work,391,391-193-8566
1696,378,Work,864,864-330-9633
1697,380,Work,248,248-192-5921
1698,381,Work,386,386-671-7528
1699,382,Work,280,280-444-8902
1700,385,Work,941,941-950-6164
1701,386,Work,625,625-597-7748
1702,387,Work,906,906-764-3201
1703,388,Work,178,178-568-9297
1704,389,Work,362,362-277-0473
1705,390,Work,911,911-265-4340
1706,391,Work,257,257-126-5945
1707,392,Work,386,386-168-1195
1708,395,Work,357,357-549-9858
1709,397,Work,604,604-874-4819
1710,398,Work,115,115-121-2435
1711,399,Work,901,901-328-3792
1712,400,Work,709,709-738-1738
1713,401,Work,252,252-286-8767
1714,405,Work,713,713-212-4104
1715,406,Work,772,772-475-8322
1716,407,Work,834,834-605-7974
1717,408,Work,587,587-962-3774
1718,409,Work,779,779-835-5111
1719,411,Work,273,273-175-6814
1720,412,Work,451,451-212-5486
1721,413,Work,425,425-197-3858
1722,414,Work,619,619-813-3510
1723,416,Work,327,327-101-0402
1724,417,Work,190,190-440-8826
1725,418,Work,810,810-648-7739
1726,422,Work,235,235-186-3222
1727,424,Work,368,368-711-3336
1728,426,Work,674,674-810-0933
1729,427,Work,218,218-306-4059
1730,429,Work,192,192-712-9675
1731,430,Work,898,898-361-6855
1732,432,Work,587,587-938-5724
1733,433,Work,471,471-194-1796
1734,434,Work,999,999-236-1304
1735,435,Work,817,817-769-4012
1736,436,Work,110,110-171-2404
1737,437,Work,569,569-256-8237
1738,441,Work,388,388-481-3001
1739,442,Work,674,674-799-6565
1740,443,Work,260,260-312-0545
1741,444,Work,672,672-683-0513
1742,448,Work,420,420-553-3770
1743,449,Work,585,585-470-9801
1744,451,Work,376,376-914-5367
1745,453,Work,100,100-231-1817
1746,454,Work,771,771-306-7181
1747,455,Work,998,998-763-9884
1748,457,Work,829,829-200-9897
1749,458,Work,622,622-744-2732
1750,459,Work,498,498-501-1581
1751,460,Work,140,140-160-0913
1752,461,Work,291,291-645-6297
1753,463,Work,641,641-642-7666
1754,465,Work,946,946-969-2724
1755,466,Work,181,181-347-5668
1756,468,Work,911,911-909-9299
1757,469,Work,337,337-219-5406
1758,471,Work,666,666-793-8432
1759,472,Work,657,657-178-0570
1760,474,Work,363,363-367-0385
1761,475,Work,744,744-953-2520
1762,477,Work,886,886-499-6561
1763,478,Work,210,210-956-8721
1764,479,Work,115,115-370-7575
1765,481,Work,343,343-733-0736
1766,483,Work,636,636-843-4437
1767,485,Work,715,715-911-8841
1768,487,Work,491,491-547-7293
1769,490,Work,278,278-900-0285
1770,492,Work,145,145-237-4249
1771,493,Work,143,143-216-0318
1772,496,Work,342,342-644-2961
1773,499,Work,567,567-137-4078
1774,500,Work,651,651-793-9301
1775,503,Work,994,994-399-9693
1776,504,Work,315,315-306-9566
1777,505,Work,976,976-625-8362
1778,507,Work,715,715-356-6425
1779,508,Work,810,810-493-9449
1780,509,Work,112,112-297-5716
1781,510,Work,430,430-508-6482
1782,512,Work,979,979-670-7880
1783,513,Work,455,455-463-2077
1784,514,Work,230,230-183-9892
1785,517,Work,920,920-635-6087
1786,518,Work,298,298-518-8826
1787,521,Work,173,173-480-6540
1788,522,Work,860,860-212-6627
1789,523,Work,820,820-909-1852
1790,524,Work,958,958-446-5383
1791,526,Work,262,262-101-1866
1792,527,Work,522,522-111-1653
1793,528,Work,774,774-121-2397
1794,531,Work,926,926-708-5734
1795,533,Work,967,967-395-4123
1796,534,Work,211,211-337-3346
1797,536,Work,214,214-875-7894
1798,538,Work,402,402-779-2874
1799,540,Work,694,694-196-8569
1800,541,Work,106,106-837-6086
1801,543,Work,219,219-999-2565
1802,544,Work,673,673-179-5889
1803,545,Work,538,538-548-8954
1804,546,Work,141,141-602-7456
1805,547,Work,729,729-564-5716
1806,548,Work,796,796-153-8520
1807,549,Work,110,110-263-9113
1808,550,Work,571,571-496-7077
1809,551,Work,571,571-491-7267
1810,552,Work,470,470-191-7272
1811,554,Work,645,645-883-0748
1812,555,Work,223,223-219-3564
1813,561,Work,730,730-152-3265
1814,562,Work,268,268-390-2705
1815,564,Work,580,580-579-5910
1816,565,Work,326,326-466-4626
1817,567,Work,289,289-471-9015
1818,574,Work,826,826-458-5115
1819,578,Work,912,912-252-7214
1820,579,Work,255,255-295-2018
1821,580,Work,314,314-583-4688
1822,583,Work,363,363-241-5864
1823,584,Work,550,550-660-0455
1824,585,Work,345,345-921-3286
1825,587,Work,549,549-741-7424
1826,590,Work,242,242-887-2472
1827,593,Work,904,904-847-9468
1828,594,Work,417,417-487-7198
1829,595,Work,587,587-911-0972
1830,597,Work,584,584-514-4430
1831,600,Work,978,978-658-7078
1832,602,Work,281,281-113-3567
1833,603,Work,196,196-963-4204
1834,605,Work,202,202-138-1150
1835,606,Work,106,106-920-0104
1836,607,Work,976,976-166-2533
1837,609,Work,492,492-332-2085
1838,611,Work,503,503-721-7245
1839,612,Work,645,645-220-7767
1840,613,Work,254,254-186-4625
1841,614,Work,881,881-447-2783
1842,615,Work,588,588-654-1271
1843,616,Work,958,958-221-4092
1844,619,Work,309,309-787-1028
1845,620,Work,607,607-348-4886
1846,621,Work,545,545-360-2357
1847,624,Work,361,361-215-4638
1848,625,Work,459,459-864-8915
1849,626,Work,958,958-314-1802
1850,627,Work,141,141-328-0941
1851,628,Work,808,808-181-9129
1852,629,Work,516,516-759-7808
1853,630,Work,855,855-252-8005
1854,632,Work,868,868-394-0329
1855,633,Work,670,670-146-2731
1856,637,Work,410,410-782-4597
1857,638,Work,658,658-310-5747
1858,639,Work,411,411-387-2270
1859,643,Work,150,150-203-7396
1860,646,Work,938,938-694-7934
1861,647,Work,766,766-966-9973
1862,649,Work,703,703-877-6527
1863,652,Work,834,834-113-5525
1864,653,Work,170,170-455-9776
1865,654,Work,563,563-508-8755
1866,656,Work,430,430-813-1811
1867,657,Work,209,209-369-8056
1868,661,Work,546,546-277-4408
1869,662,Work,355,355-744-3975
1870,665,Work,322,322-293-5214
1871,667,Work,320,320-378-5745
1872,669,Work,718,718-992-5788
1873,670,Work,866,866-805-8565
1874,672,Work,555,555-601-6156
1875,677,Work,567,567-601-0882
1876,678,Work,871,871-803-3297
1877,679,Work,452,452-489-9350
1878,683,Work,650,650-980-1375
1879,684,Work,269,269-345-1175
1880,685,Work,134,134-548-9619
1881,686,Work,485,485-816-4440
1882,687,Work,363,363-899-7487
1883,691,Work,951,951-845-9890
1884,693,Work,407,407-368-1194
1885,694,Work,999,999-162-2933
1886,695,Work,579,579-234-7739
1887,696,Work,166,166-989-9371
1888,697,Work,609,609-821-9967
1889,698,Work,992,992-895-3755
1890,699,Work,852,852-989-9589
1891,701,Work,238,238-350-8604
1892,702,Work,149,149-682-6017
1893,703,Work,748,748-780-1052
1894,704,Work,206,206-596-6259
1895,705,Work,112,112-354-2818
1896,706,Work,591,591-884-2691
1897,707,Work,383,383-473-7913
1898,708,Work,254,254-973-0667
1899,709,Work,888,888-463-5289
1900,710,Work,609,609-798-6342
1901,711,Work,508,508-782-4142
1902,712,Work,889,889-840-9544
1903,713,Work,364,364-340-3725
1904,715,Work,141,141-935-9216
1905,718,Work,850,850-445-3974
1906,720,Work,430,430-815-8673
1907,721,Work,264,264-149-5605
1908,722,Work,792,792-811-0958
1909,725,Work,702,702-583-6644
1910,726,Work,826,826-706-0583
1911,731,Work,927,927-159-9833
1912,732,Work,423,423-737-5515
1913,734,Work,698,698-905-7989
1914,735,Work,907,907-792-5792
1915,736,Work,263,263-517-9014
1916,737,Work,544,544-772-2234
1917,738,Work,982,982-804-9481
1918,741,Work,222,222-428-0051
1919,742,Work,699,699-916-9933
1920,744,Work,827,827-866-4417
1921,747,Work,994,994-761-1526
1922,749,Work,212,212-358-8470
1923,754,Work,759,759-281-5716
1924,755,Work,406,406-714-5478
1925,756,Work,492,492-299-1126
1926,757,Work,846,846-610-1635
1927,760,Work,395,395-578-2184
1928,761,Work,807,807-169-3416
1929,762,Work,251,251-877-3283
1930,766,Work,687,687-121-2366
1931,767,Work,789,789-800-0107
1932,769,Work,409,409-916-7452
1933,770,Work,354,354-737-3709
1934,771,Work,714,714-577-1869
1935,773,Work,540,540-412-6074
1936,774,Work,262,262-977-6146
1937,775,Work,421,421-886-8330
1938,776,Work,463,463-169-1702
1939,778,Work,783,783-899-8456
1940,779,Work,523,523-274-3133
1941,780,Work,572,572-665-0771
1942,781,Work,365,365-888-2710
1943,783,Work,818,818-557-1124
1944,787,Work,665,665-560-9478
1945,788,Work,369,369-555-8732
1946,790,Work,102,102-140-8293
1947,791,Work,828,828-857-5737
1948,792,Work,630,630-816-6545
1949,793,Work,216,216-602-0444
1950,794,Work,284,284-300-9216
1951,795,Work,990,990-486-3670
1952,799,Work,188,188-429-2865
1953,800,Work,464,464-341-2474
1954,803,Work,652,652-464-7873
1955,805,Work,740,740-581-8838
1956,806,Work,820,820-202-1804
1957,807,Work,100,100-661-1518
1958,808,Work,890,890-116-9319
1959,811,Work,969,969-823-1176
1960,812,Work,846,846-361-8738
1961,813,Work,470,470-577-6907
1962,814,Work,335,335-655-4840
1963,815,Work,191,191-290-6834
1964,816,Work,955,955-687-6674
1965,817,Work,863,863-719-8150
1966,819,Work,379,379-625-9619
1967,820,Work,509,509-451-7131
1968,821,Work,184,184-262-2570
1969,822,Work,637,637-487-7892
1970,823,Work,519,519-765-8448
1971,824,Work,895,895-892-3925
1972,827,Work,924,924-787-8391
1973,831,Work,302,302-786-4295
1974,837,Work,883,883-823-1560
1975,840,Work,480,480-530-4680
1976,841,Work,859,859-693-9970
1977,843,Work,951,951-558-0099
1978,845,Work,287,287-784-2258
1979,847,Work,897,897-289-5995
1980,848,Work,762,762-226-6419
1981,850,Work,684,684-855-3678
1982,851,Work,850,850-336-0262
1983,852,Work,922,922-598-2752
1984,854,Work,619,619-377-1740
1985,856,Work,418,418-682-1742
1986,858,Work,487,487-475-9225
1987,861,Work,773,773-695-1138
1988,863,Work,100,100-551-9931
1989,864,Work,263,263-674-7139
1990,866,Work,599,599-262-3891
1991,868,Work,932,932-257-8479
1992,870,Work,198,198-627-3502
1993,872,Work,436,436-482-2868
1994,873,Work,877,877-819-5507
1995,874,Work,492,492-191-9580
1996,875,Work,768,768-153-5458
1997,876,Work,402,402-651-6655
1998,877,Work,975,975-151-3750
1999,878,Work,636,636-938-4380
2000,883,Work,828,828-479-2638
2001,884,Work,302,302-310-8598
2002,885,Work,729,729-642-5024
2003,886,Work,822,822-426-0682
2004,887,Work,151,151-802-2646
2005,888,Work,517,517-142-9744
2006,890,Work,115,115-182-5549
2007,891,Work,645,645-457-8243
2008,892,Work,131,131-163-9605
2009,893,Work,173,173-585-0760
2010,894,Work,513,513-968-5046
2011,895,Work,504,504-487-7687
2012,897,Work,331,331-105-2795
2013,898,Work,674,674-375-2354
2014,900,Work,492,492-203-2282
2015,901,Work,396,396-866-1865
2016,903,Work,543,543-781-5916
2017,904,Work,809,809-903-7313
2018,905,Work,569,569-408-9837
2019,907,Work,715,715-490-8705
2020,908,Work,172,172-459-3393
2021,909,Work,356,356-598-5553
2022,911,Work,764,764-862-4579
2023,912,Work,535,535-514-5330
2024,913,Work,873,873-232-3815
2025,914,Work,272,272-341-0221
2026,916,Work,618,618-961-1432
2027,917,Work,549,549-614-2514
2028,918,Work,408,408-209-2742
2029,919,Work,698,698-611-1794
2030,920,Work,925,925-543-3212
2031,921,Work,861,861-212-2774
2032,922,Work,153,153-217-3714
2033,924,Work,938,938-274-1169
2034,926,Work,649,649-293-4621
2035,927,Work,434,434-734-1027
2036,928,Work,880,880-638-9246
2037,929,Work,909,909-974-2259
2038,930,Work,154,154-610-1051
2039,931,Work,920,920-430-8576
2040,932,Work,793,793-596-0425
2041,933,Work,295,295-578-9581
2042,935,Work,789,789-266-0855
2043,938,Work,798,798-658-2702
2044,939,Work,291,291-495-6448
2045,941,Work,247,247-726-4817
2046,942,Work,725,725-925-0587
2047,943,Work,129,129-248-0082
2048,945,Work,726,726-948-9688
2049,947,Work,179,179-142-8780
2050,948,Work,521,521-631-5872
2051,949,Work,241,241-316-4084
2052,950,Work,654,654-930-0410
2053,951,Work,465,465-252-2566
2054,952,Work,476,476-284-6613
2055,953,Work,950,950-315-9532
2056,954,Work,978,978-140-2685
2057,955,Work,232,232-687-6979
2058,958,Work,624,624-669-3214
2059,959,Work,122,122-143-1477
2060,960,Work,751,751-605-6734
2061,961,Work,254,254-306-7137
2062,962,Work,612,612-765-5005
2063,963,Work,570,570-595-8540
2064,965,Work,117,117-459-2460
2065,967,Work,893,893-969-1217
2066,969,Work,772,772-392-5742
2067,971,Work,727,727-591-4194
2068,972,Work,474,474-611-4311
2069,973,Work,281,281-163-7057
2070,974,Work,513,513-590-6081
2071,975,Work,911,911-135-9814
2072,976,Work,725,725-849-3877
2073,977,Work,916,916-120-2308
2074,978,Work,680,680-399-1077
2075,979,Work,509,509-326-1544
2076,980,Work,885,885-458-7049
2077,981,Work,195,195-829-1027
2078,982,Work,153,153-854-4154
2079,984,Work,554,554-290-9935
2080,985,Work,935,935-280-2452
2081,987,Work,603,603-266-1070
2082,988,Work,998,998-707-5639
2083,991,Work,569,569-411-8436
2084,992,Work,914,914-785-8696
2085,994,Work,644,644-184-8850
2086,995,Work,929,929-545-6545
2087,996,Work,878,878-331-9664
2088,998,Work,266,266-423-8899
2089,999,Work,290,290-423-8165
